{"cameraMode":{"drawMode":0,"name":"Shaded","section":"Shading Mode"},"sceneLighting":false,"audioPlay":false,"sceneViewState":{"m_AlwaysRefresh":false,"showFog":true,"showSkybox":false,"showFlares":true,"showImageEffects":true,"showParticleSystems":true,"showVisualEffectGraphs":true,"m_FxEnabled":true},"in2DMode":false,"pivot":{"x":-21.851333618164064,"y":13.837754249572754,"z":-0.996765673160553},"rotation":{"x":-0.09150347858667374,"y":-0.062101855874061587,"z":0.005719789303839207,"w":-0.9938598871231079},"size":0.34537848830223086,"orthographic":false}